no,바코드,상품명,제조사,구입단가,재고수량,재고금액,상품위치
총 862건,,,,,"13,065","42,095,567",
1,18904269901568,(강아지)지마스터독4-10kg,동물약,- ,-1,- ,
2,8800742000625,*둘코락스S정(P),오펠라헬스케어코리아주식회사,"9,567",5,"47,835",
3,9520000026,0.1g 스푼수저,미등록제조사,"1,700",12,"20,400",
4,8806080039402,3M물집방지패드,3M,"1,800",7,"12,600",
5,1890426990185,4-8kg)지마스터캣,미등록제조사,"17,600",2,"35,200",
6,0382904903015,BD 울트라파인 31G*6mm,BD,- ,-4,- ,
7,0382908821018,BD울트라파인인슐린주사기 0.5ml,디킨슨코리아,- ,-1,- ,
8,8809661150312,Dr.이지스 플로스픽,대성팜,"1,500",-2,- ,
9,8809238866653,K마스크(일회용)50매,에이치헬스케어,"3,500",3,"10,500",
10,8800111708688,SD 코로나19 항원자가검사 2키트,미등록제조사,"4,400",1,"4,400",
11,8809814270621,XY알로에젤,미등록제조사,"3,670",4,"14,680",
12,8809807286639,[아워팜]질건강리스펙타,아워팜,"22,273",1,"22,273",
13,8809238866899,kf94대형마스크,(주)크리넷,300,118,"35,400",
14,8806011616153,가그린 제로(100ml),동아제약(주),990,6,"5,940",
15,8806011617709,가그린입냄새 스프레이 후레쉬,미등록제조사,"2,090",7,"14,630",
16,8806011616207,가그린제로-750ml,동아제약,"4,400",1,"4,400",
17,8806002013879,가네스 알파,광동제약(주),880,5,"4,400",
18,8806002013886,가네스 알파 1박스(10개),광동제약(주),"8,800",4,"35,200",
19,8806449149124,가네톡액 10포,제이더블유중외제약(주),"5,500",20,"110,000",
20,8801244508237,가드닐액(강아지용10~20kg),(주)이글벳,"20,000",1,"20,000",
21,8801244508220,가드닐액(강아지용2~10kg),2027.04.05,"10,000",1,"10,000",
22,8806613000176,가쁘레스틱(5포),경방신약,"1,870",42,"78,540",
23,8809409184548,강아지 모기기피 패치 14매,미등록제조사,"5,000",1,"5,000",
24,8809409184562,강아지 진드기 기피패치 14매,우신라보타치,"5,000",1,"5,000",
25,8809346190077,개멕타,홍익메디케어,"9,900",1,"9,900",
26,8806478000410,게보린정,삼진제약(주),"2,900",25,"72,500",
27,8806419066833,겔포스엘 6포,미등록제조사,"3,437",33,"113,421",
28,8806613001319,경방갈근탕액(갈근탕액),경방신약(주),510,6,"3,060",
29,8806613035666,경방소체환(5스틱),경방신약,"1,308",6,"7,848",
30,8806138600073,고급위생면봉100개,(주)동남의료약품,500,10,"5,000",
31,8806495001018,고닐고포르테경고제,유니메드제약(주),"1,770",2,"3,540",
32,8806433063419,고운자임맘정,(주)종근당,"30,000",1,"30,000",
33,1880641806532,광동경옥고 30포 1박스,미등록제조사,"67,513",2,"135,026",
34,8806002008677,광동생강쌍화 1병,광동제약(주),550,5,"2,750",
35,8806418005215,광동쌍화탕,광동제약(주),476,102,"48,552",
36,8806418005212,광동쌍화탕100ml 10병,광동제약(주),"4,760",1,"4,760",
37,8806418006519,광동우황청심원(환)(사향함유),광동제약(주),"11,883",51,"606,033",
38,8806418006922,광동우황청심원현탁액(사향함유),광동제약(주),"10,802",12,"129,624",
39,8806418007028,광동우황청심원현탁액(영묘향),광동제약(주),"6,158",91,"560,378",
40,08806418007615,광동원탕,광동제약(주),541,195,"105,495",
41,8806581050128,굿모닝에스과립,(유)한풍제약,"4,800",5,"24,000",
42,8806481043114,그날엔덱스연질캡슐,경동제약,860,97,"83,420",
43,8806481027619,그날엔큐삼중정,경동제약(주),"1,000",7,"7,000",
44,8806103600046,그린 소독용 에탄올액(무색)(250ml),(주)그린제약,810,3,"2,430",
45,8806103600015,그린 소독용 에탄올액(무색)(60ml),(주)그린제약,410,2,820,
46,8806103601159,그린과산화수소수 (250ml),(주)그린제약,530,6,"3,180",
47,8806103601135,그린과산화수소수 60ml,(주)그린제약,260,2,520,
48,8806483000429,그린관장약,(주)그린제약,"15,000",54,"810,000",
49,8806483000818,그린솔트에프액,(주)그린제약,- ,4,- ,
50,8806483002232,그린포비돈스틱스왑(포비돈요오드),(주)그린제약,203,45,"9,135",
51,8806483002317,그린포비돈요오드액,(주)그린제약,560,4,"2,240",
52,8809659315129,그린프로폴리스,아워팜,"22,500",3,"67,500",
53,8809659315174,글루콘산아연,아워팜,"10,000",4,"40,000",
54,8806616037513,기가렉스연질캡슐,(주)알피바이오,"1,512",54,"81,648",
55,8806447001424,기넥신에프정80밀리그램(은행엽엑스),에스케이케미칼(주),"18,500",-4,- ,
56,8806435074812,까스앤프리츄정,한미약품(주),"2,200",14,"30,800",
57,8806427065422,까스활명수-유,동화,"3,168",2,"6,336",
58,8806427000911,까스활명수큐액,동화약품(주),961,2,"1,922",
59,8806427000918,까스활명수큐액 10병 1박스,동화약품(주),"9,610",1,"9,610",
60,8806438021332,나오덤크림,신신제약(주),"1,650",35,"57,750",
61,8806453000411,나조린점안액,한림제약(주),"1,630",15,"24,450",
62,8806435001726,나졸액,한미약품(주),"4,950",10,"49,500",
63,8806006257866,내일엔,(주)유한양행,"1,232",15,"18,480",
64,6122477,내추럴그린티 리스테린액 250ml,미등록제조사,"2,550",1,"2,550",
65,6122475,내추럴그린티 리스테린액 750ml,미등록제조사,"5,900",2,"11,800",
66,8809639040270,네이처 이어 클리너,페스룸,"10,600",1,"10,600",
67,0103661103071051,넥스가드 7.5kg~15kg (초록),미등록제조사,"38,000",-1,- ,
68,8806436003118,노바손크림 15g,(주)녹십자,"1,836",48,"88,128",
69,8806436003125,노바손크림 30g>쎄코론지한미,(주)녹십자,"2,485",67,"166,495",
70,8801201049734,노비박 CV 코로나백신,동물의약품,"2,500",-2,- ,
71,8806448002215,노비프록스액,태극제약(주),"6,600",2,"13,200",
72,8806438016116,노스엣센스액(염화알루미늄)30ml,신신제약(주),"5,170",33,"170,610",
73,8806265003129,노스카나겔 10g,동아제약(주),"8,250",12,"99,000",
74,8806265003112,노스카나겔 20g,동아제약(주),"13,200",22,"290,400",
75,8800551027219,노즈그린,녹십자,"1,512",56,"84,672",
76,8800026200017,노즈스위퍼 가루스틱,미등록제조사,"3,400",11,"37,400",
77,8800026200031,노즈스위퍼 케이스,미등록제조사,"5,500",11,"60,500",
78,8806417047919,노즈쏙정,일양약품(주),770,79,"60,830",
79,8806134600848,녹십자 AVITA 귀 이마적외선 체온계,녹십자,"32,406",2,"64,812",
80,8806453000732,누마렌점안액15ml,한림제약(주),"1,540",10,"15,400",
81,8807001104049,눈건강 트리플케어 60정,미등록제조사,"17,500",5,"87,500",
82,8806435002242,눈앤점안액0.5%,한미약품(주),"4,455",6,"26,730",
83,8806435088024,눈앤쿨점안액,한미약품,"4,455",16,"71,280",
84,8806718070517,뉴베인액,대원제약,"1,493",-2,- ,
85,8806718070524,뉴베인액 14포,대원제약(주),"20,900",1,"20,900",
86,0108806718070524,뉴베인액 28포,대원제약(주),"41,800",3,"125,400",
87,8806419002435,뉴브이롯도이엑스점안액,보령제약(주),"2,505",15,"37,575",
88,8809615870037,뉴서울안대플러스돌출형,유성,"1,000",5,"5,000",
89,8806857301213,뉴클린스왑에이(100pcs),(주)메디탑,"1,090",14,"15,260",
90,8806706091913,니조랄,미등록제조사,"13,800",5,"69,000",
91,8806723000165,니코레트껌2mg,한국존슨앤드존슨판매(유),"9,388",1,"9,388",
92,8806723000240,니코레트껌4mg,한국존슨앤드존슨판매(유),"11,630",2,"23,260",
93,8800516002022,니코틴엘 20,GSK,"9,390",2,"18,780",
94,8800516002220,니코틴엘TTS10 7P,gsk,"8,850",3,"26,550",
95,8806418066117,다나큐아크림,광동제약,"3,241",3,"9,723",
96,8906011735295,다이로하트s,애디팜,"5,400",1,"5,400",
97,0102000000000007,다이로하트ss,미등록제조사,"4,500",1,"4,500",
98,8806453001616,다제스캡슐,한림제약(주),"1,650",18,"29,700",
99,8809273174027,닥터덴트Y형치실,미등록제조사,"2,000",7,"14,000",
100,8809661150220,닥터이지스 자가점착(대),(주)이너웍스,"1,150",10,"11,500",
101,8809661150244,닥터이지스 자가점착(소),이너웍,"1,100",19,"20,900",
102,8809661150237,닥터이지스 자가점착(중),이너웍스,760,14,"10,640",
103,8806416026915,대웅우루사연질캡슐,(주)대웅제약,"33,070",1,"33,070",
104,8802260001238,대일반창고(대),대일,"2,100",1,"2,100",
105,8802260001245,대일반창고(중),대일화학공업(주),860,3,"2,580",
106,8809273181537,대지성인용열냉각시트,(주)메이클린,"3,000",14,"42,000",
107,8806451003612,대한관류용멸균증류수,대한약품공업(주),990,3,"2,970",
108,8806451008815,대한정제수,대한약품공업(주),"1,200",2,"2,400",
109,8809899070093,댕댕 눈물세정제,미림,"9,500",3,"28,500",
110,8806429000810,더마큐연고,일동제약(주),"1,650",14,"23,100",
111,8806538063119,더판디탈정,미등록제조사,990,17,"16,830",
112,8806448035619,덱스파놀연고(D-판테놀)30g,태극제약(주),"2,700",6,"16,200",
113,4973227311296,덴탈프로치간칫솔 0단계,덴탈,"4,000",9,"36,000",
114,4973227834603,덴탈프로치간칫솔1단계,1(sss),"4,000",8,"32,000",
115,4973227834610,덴탈프로치간칫솔2단계,태영,"4,000",7,"28,000",
116,4973227834627,덴탈프로치간칫솔3단계,3(S),"4,000",9,"36,000",
117,4973227834634,덴탈프로치간칫솔4단계,4(M),"4,000",10,"40,000",
118,4973227834641,덴탈프로치간칫솔5단계,비젼,"4,000",10,"40,000",
119,8806703037211,덴트큐,코오롱제약(주),880,3,"2,640",
120,8806432001316,동성미녹시딜액3%,동성제약(주),"23,000",3,"69,000",
121,8806432001422,동성미녹시딜액5%,동성제약(주),"19,000",4,"76,000",
122,8806432030740,동성비오틴120정,동성제액,"40,000",2,"80,000",
123,8806432030224,동성정로환에프정,미등록제조사,"4,000",8,"32,000",
124,8806432029815,동성정로환에프환100환,동성제약(주),"5,140",2,"10,280",
125,8806265014538,동아제약D-판테놀연고,동아제약(주),"4,950",22,"108,900",
126,8806417052616,두피나액,일양약품(주),"3,000",11,"33,000",
127,08806520010329,둘코락스 에스 장용정(40정),미등록제조사,"9,600",2,"19,200",
128,8800742000618,둘코락스-에스 20,베링거,"5,690",6,"34,140",
129,8806524000425,듀라티얼즈안연고,한국알콘(주),"2,412",-1,- ,
130,8800543013817,듀얼싹플러스장용연질캡슐,제일약품(주),"2,300",24,"55,200",
131,8806147000765,듀오덤 엑스트라씬 (제이웨이브),듀오덤,"5,300",3,"15,900",
132,8806574015714,듀오케어15ml,퍼슨,"3,750",2,"7,500",
133,8806427074615,드라이언,동화약품,- ,13,- ,
134,8800516000417,드리클로액,(주)글락소스미스클라인컨슈머헬스케어코리아,- ,6,- ,
135,8806417058519,디아로펜플러스캡슐,일양약품(주),"1,201",18,"21,618",
136,8806436058811,디어미순정,(주)녹십자,"5,891",21,"123,711",
137,8806436050211,디어미정,(주)녹십자,"4,320",32,"138,240",
138,8800543001814,디오니스액,제일,"2,200",9,"19,800",
139,8806490021414,디오맥스정600mg,동아제약,"19,800",5,"99,000",
140,8806417062615,디오치민정,일양약품,"3,185",13,"41,405",
141,8806798022420,디쿨파워플라스타 10매낱개,제일헬스케어,"1,650",21,"34,650",
142,8806265020416,디판버그겔,동아제약,"3,300",13,"42,900",
143,8806538053011,디펜겔,신일제약,"4,180",12,"50,160",
144,8809312765049,디펜스벅스더블,동국제약,"5,200",41,"213,200",
145,8806538045443,디펜플라스타(핫),신일제약(주),"1,430",31,"44,330",
146,8806582039849,라라올라액,이니스트바이오제약(주),"45,375",4,"181,500",
147,8806582039825,라라올라액,이니스트바이오제약(주),"7,562",3,"22,686",
148,8806582039818,라라올라액20ml,이니스트바이오,"1,512",2,"3,024",
149,8800516002312,라미실원스외용액(염산테르비나핀),(주)글락소스미스클라인컨슈머헬스케어코리아,"15,350",2,"30,700",
150,8800516001315,라미실크림1%(염산테르비나핀),(주)글락소스미스클라인컨슈머헬스케어코리아,"3,581",3,"10,743",
151,8806438000832,라이센드플러스액,신신제약(주),"8,420",1,"8,420",
152,8806458041112,락토딘캡슐,한솔신약(주),900,5,"4,500",
153,8805915676119,락토핏 팜,종근당건강,"12,000",6,"72,000",
154,8806432014535,랑스씨씨360정,동성,"32,000",3,"96,000",
155,8806136631567,래피젠,래피젠,- ,-1,- ,
156,8806136633004,래피젠 1kit,레피젠,"1,180",5,"5,900",
157,8806136633059,래피젠코로나19항원자가검사(비강)1kit,래피젠,"1,180",-5,- ,
158,8806718078629,러지앤톡,대원제약,"3,300",10,"33,000",
159,8806418057535,레돌민 20정,광동제약,"6,600",4,"26,400",
160,9520000022,레바믹산 100ml소분,미등록제조사,"2,700",10,"27,000",
161,2020060215662,레비세딘정,제이에스케이,"25,000",3,"75,000",
162,8800543005317,레이디원연질캡슐,미등록제조사,"1,295",108,"139,860",
163,8806416076112,렛잇비프로,대웅제약,"27,800",2,"55,600",
164,8806723001513,로게인5%폼에어로졸(미녹시딜),한국존슨앤드존슨판매(유),"24,700",4,"98,800",
165,8806723001537,로게인5%폼에어로졸(미녹시딜),한국존슨앤드존슨판매(유),"70,060",1,"70,060",
166,8806419056124,로토씨큐브 아쿠아차지아이점안액,미등록제조사,"2,800",9,"25,200",
167,8806419004439,로토지파이뉴,미등록제조사,"2,603",19,"49,457",
168,8806448005254,로파인캡슐(로페라미드염산염),태극제약(주),790,4,"3,160",
169,8809980242545,루나타임,아워팜,"14,000",3,"42,000",
170,8807001104964,루테인 지아잔틴 아스타잔틴 부스터,미등록제조사,"27,000",-1,- ,
171,10119034965,리뉴 후레쉬 120ml,미등록제조사,"1,750",2,"3,500",
172,10119034903,리뉴 후레쉬 355ml,미등록제조사,"4,500",2,"9,000",
173,10119035924,리뉴센서티브,미등록제조사,"4,500",100,"450,000",
174,8806416030725,리버골드파워4개월분,대웅제약,"23,100",4,"92,400",
175,8806581004411,리버쿨환,(유)한풍제약,403,74,"29,822",
176,8801008700174,리스테린액 쿨민트 100ml,한국존슨앤드존슨판매(유),"1,300",2,"2,600",
177,8806534049124,리클란점안액(리캡),동국제약,"5,000",12,"60,000",
178,8806644002736,리포직이디오점안겔,바슈롬싸우스아시아인크(영업소),"7,000",1,"7,000",
179,8806644000312,리포직점안겔,바슈롬싸우스아시아인크(영업소),"3,800",4,"15,200",
180,8806537002461,마그밀정(수산화마그네슘),삼남제약(주),"10,000",1,"10,000",
181,8806258012517,마그알파 120캡슐,광동제약,"23,568",2,"47,136",
182,8806109194426,마데카 습윤밴드 소형 6매,동국,"3,000",15,"45,000",
183,8806109194440,마데카 습윤밴드 잘라쓰는타입 3매,동국제약(주),"3,300",10,"33,000",
184,8806109194419,마데카 습윤밴드 중형5매,동국제약(주),"3,000",13,"39,000",
185,8806109194396,마데카 습윤밴드 혼합형 6매,동국,"3,000",14,"42,000",
186,8806109182072,마데카밴드 이치스팟,동국제약,"3,000",9,"27,000",
187,8806534048325,마데카솔겔,동국제약,"6,000",53,"318,000",
188,8806534005427,마데카솔분말 10g,동국제약(주),"5,400",30,"162,000",
189,8806534005434,마데카솔분말 30g,동국제약(주),"11,000",4,"44,000",
190,8806534016416,마데카솔케어연고,동국제약(주),"4,000",33,"132,000",
191,8806534016423,마데카솔케어연고,동국제약(주),"5,100",32,"163,200",
192,8809324921488,마데카습윤 폼 밴드,동국제약,"3,500",11,"38,500",
193,8806109194402,마데카습윤밴드 대형4매,미등록제조사,"3,000",27,"81,000",
194,8806109189705,마데카습윤밴드 스팟형69매,미등록제조사,"3,000",11,"33,000",
195,8806613023540,마이노신캡슐 20C,경방신약,"1,826",38,"69,388",
196,8806418072316,마이레놀정,미등록제조사,933,29,"27,057",
197,8806265008018,마이보라정,동아제약(주),"6,930",42,"291,060",
198,8806538059419,마이씬캡슐10c,신일제약,836,26,"21,736",
199,8801230603892,마이크로포 반창고(0.5in)살색12롤,한국쓰리엠(주),"1,047",41,"42,927",
200,8801230603885,마이크로포 반창고(0.5in)살색24롤,한국쓰리엠(주),491,26,"12,766",
201,8806574015226,맥시부키즈시럽,한미약품,"2,530",8,"20,240",
202,8809306544711,맨담서포트 무릎튼튼 프리미엄,미등록제조사,"9,200",2,"18,400",
203,8809306544728,맨담서포트 손목튼튼 프리미엄,미등록제조사,"5,401",6,"32,406",
204,8806526062414,머시론정,알보젠코리아(주),"6,996",46,"321,816",
205,8806421047926,메가트루포커스 120정,(주)유한양행,"18,480",3,"55,440",
206,8809596320880,메디큐어스팟,신신제약,"3,080",4,"12,320",
207,8806018709278,메디터치 리퀴드 8G,일동제약(주),"4,950",2,"9,900",
208,8809241990901,메디터치번 작은거3매,미등록제조사,"5,940",6,"35,640",
209,8806018717334,메디터치번프로텍션 큰거1매,미등록제조사,"5,940",7,"41,580",
210,8806519041037,메이킨큐40정,미등록제조사,"7,500",10,"75,000",
211,8806519041013,메이킨큐장용정,명인제약(주),"4,200",19,"79,800",
212,8806448006510,메카인정,태극제약(주),600,11,"6,600",
213,8809720800950,멕타겔,미등록제조사,"6,500",2,"13,000",
214,8806702000124,멘소래담로션(Mentholatumlotion),맨소래덤아시아퍼시픽 주식회사,"4,500",17,"76,500",
215,8806265002412,멜라노사크림,동아제약(주),"15,400",5,"77,000",
216,8809351430038,멜라세덤 샴푸 200ml(리뉴얼),(주)케어사이드,"11,000",2,"22,000",
217,8806265014323,멜라토닝크림(히드로퀴논),동아제약(주),"14,300",23,"328,900",
218,8809198570638,멜록시벳,에스비바이오팜,"16,000",1,"16,000",
219,8806265008216,멜리안정,동아제약(주),"4,015",16,"64,240",
220,8807494000200,멸균면봉(30p),풍성,"1,200",12,"14,400",
221,8806035107446,멸균에이덤(1매),미등록제조사,"1,300",16,"20,800",
222,8806427065811,모가프텐(12정),동화약품,"2,310",121,"279,510",
223,8806433093914,모드알레,종근당,"4,000",22,"88,000",
224,8806433062811,모드코에스연질캡슐,(주)종근당,800,99,"79,200",
225,8806433063016,모드코프에스연질캡슐,(주)종근당,800,41,"32,800",
226,8806433092924,모드콜 노즈시럽,(주)종근당,"1,750",19,"33,250",
227,8806433092528,모드콜로시럽,종근당,"2,500",15,"37,500",
228,8806433062910,모드콜에스연질캡슐,(주)종근당,800,87,"69,600",
229,8806433090623,모드콜코프시럽20ml(5포),미등록제조사,"1,750",13,"22,750",
230,8806433090425,모드콜콜드시럽20ml(5포),종근당,"1,750",15,"26,250",
231,2880641606452,모바렌캡슐180c,미등록제조사,"23,100",2,"46,200",
232,8806037000523,모스키토밀크 50ml,신신제약(주),"6,050",14,"84,700",
233,8809330300239,모아사혈침,건강두배로,"1,300",-1,- ,
234,8806435070913,목앤스프레이,한미약품(주),"4,950",21,"103,950",
235,8809390131620,목청프로폴리스캔디,미등록제조사,"1,746",3,"5,238",
236,8806438020519,몽푸로겔,신신제약(주),"4,730",24,"113,520",
237,8806435088710,무조날맥스네일라카,미등록제조사,"7,700",10,"77,000",
238,8806438029116,무조무플러스겔,신신제약,"1,980",2,"3,960",
239,8806448061717,뮤코로솔정,태극,"1,000",3,"3,000",
240,8806476030129,미놀에프트로키(모과맛),경남제약(주),"4,940",5,"24,700",
241,8806489024016,미뉴렛정,한국화이자제약(주),"4,770",7,"33,390",
242,8806470003129,미니온 96매,동화약품(주),"5,236",18,"94,248",
243,8806470003112,미니온플라스타,시믹씨엠오코리아주식회사,"4,730",-22,- ,
244,8809369588424,미라클 손소독 100미리,미등록제조사,"2,000",-2,- ,
245,8806492000137,미보(MEBO)연고,(주)한도상사,"4,950",30,"148,500",
246,8806496054211,미안블루점안액,대우제약(주),"1,760",11,"19,360",
247,8806417058717,미안점안액(순),일양약품(주),"1,980",19,"37,620",
248,8806496054310,미안케어점안액,대우제약(주),"1,760",18,"31,680",
249,8809097855249,바로타민 3병,미등록제조사,"6,000",5,"30,000",
250,8806427069819,바르지오모두크림20G,동화약품,"2,829",14,"39,606",
251,05210206779,바세린 립 테라피 오리지널,미등록제조사,"2,345",10,"23,450",
252,8801619043769,바세린 립에센스 튜브형,미등록제조사,"1,779",7,"12,453",
253,8801166270250,바세린 립테라피 로지,유한킴벌리(주),"2,339",5,"11,695",
254,8801619049884,바세린 립테라피 코코아,바세린,"2,340",6,"14,040",
255,8801619047545,바세린 스틱형 로지,미등록제조사,"1,889",2,"3,778",
256,8801619047552,바세린 스틱형 오리지널,미등록제조사,"1,925",6,"11,550",
257,8901030203473,바세린 오리지널 100ml 큰거,유니레버코리아,"1,835",21,"38,535",
258,8801619043776,바세린 체리 립에센스 튜브형,유니레버코리아,"1,780",13,"23,140",
259,8901030203466,바세린오리지날(50ml) 작은거,유니레버코리아,"1,098",21,"23,058",
260,8806429005716,바시락크림(아시클로버),일동제약(주),900,44,"39,600",
261,8806428031112,바이락스클리어크림5g,미등록제조사,"2,750",4,"11,000",
262,8806411000729,바이엘아스피린500밀리그람,바이엘코리아(주),"3,900",2,"7,800",
263,8809772205376,바이탈프로그램비타민D플러스4000IU,(주)종근당,- ,7,- ,
264,8809078602534,박상병 핫팩,미등록제조사,590,14,"8,260",
265,8809078605238,박상병핫팩1box,(주)지엘,"5,900",1,"5,900",
266,8806011615446,박카스디액,동아제약(주),561,14,"7,854",
267,8806011615453,박카스디액 1박스(10병),동아제약(주),"5,610",3,"16,830",
268,8806717004834,박테로신연고,한국콜마(주),"2,149",-5,- ,
269,8806581006385,반사신과립 1포(반하사심탕),(유)한풍제약,- ,278,- ,
270,8806436056022,백초시럽플러스5ml*10포,미등록제조사,"4,861",18,"87,498",
271,8801221000464,밴드닥터 드레싱밴드M,밴드닥터,"1,100",11,"12,100",
272,8801221000440,밴드닥터 드레싱밴드S,밴드닥터,"1,022",4,"4,088",
273,8801221000648,밴드닥터 혼합형,미등록제조사,565,23,"12,995",
274,8801221000723,밴드닥터대형6매,미등록제조사,565,20,"11,300",
275,8801221000709,밴드닥터덕용,미등록제조사,565,27,"15,255",
276,8801221000488,밴드닥터드레싱(L)4매입,미등록제조사,"1,022",4,"4,088",
277,8806638030110,밴드이명래고약,지피제약,"3,300",1,"3,300",
278,8806265007714,베나치오에프액,동아제약(주),660,-1,- ,
279,8806265007711,베나치오에프액 10병,동아제약(주),"6,600",8,"52,800",
280,8806556007713,베노론캅셀(디오스민),한올바이오파마(주),"4,860",9,"43,740",
281,8806418016440,베니톨정(미세정제플라보노이드분획물),광동제약(주),"6,180",-1,- ,
282,8806556049812,베아로반연고10g,한올바이오파마(주),"1,424",6,"8,544",
283,8806780003611,베타딘인후스프레이,한국먼디파마 유한회사,"6,437",14,"90,118",
284,0104064951006555,베트메딘1.25mg(50정),미등록제조사,"33,000",1,"33,000",
285,8806448009610,벤트락스겔,태극제약(주),"9,420",3,"28,260",
286,8806433089716,벤포벨s(120정),(주)종근당,"35,000",5,"175,000",
287,8809399863522,벨더웰 초임계 루테인아스타잔틴,미등록제조사,"23,000",3,"69,000",
288,9520000020,변비해결뱃살약,미등록제조사,"3,949",-2,- ,
289,1880641706291,보나링스피드액 5포,미등록제조사,"2,002",30,"60,060",
290,8806417051510,보나링츄어블정,일양약품(주),660,57,"37,620",
291,8806419009410,보령기응환,보령제약(주),"4,100",2,"8,200",
292,8806502007118,보송크림,안국약품(주),960,-1,- ,
293,0102000000000035,복합개시딘겔,미등록제조사,"9,900",1,"9,900",
294,8806534006738,복합마데카솔연고15g,동국제약(주),"6,100",3,"18,300",
295,8806416015568,복합우루사연질캡슐,(주)대웅제약,437,121,"52,877",
296,8806416015520,복합우루사연질캡슐(통),(주)대웅제약,"28,720",1,"28,720",
297,8806433010034,볼그레액,(주)종근당,"18,960",1,"18,960",
298,8800742000212,부스코판플러스,쥴릭,"2,894",8,"23,152",
299,9520000014,붕산 150g(병),미등록제조사,"1,100",1,"1,100",
300,8801201012735,브라벡토(미니) 츄정,미등록제조사,"27,500",1,"27,500",
301,8805178331695,브라운썸머패치,미등록제조사,990,8,"7,920",
302,2023121485677,브레비콕스정 10T,미등록제조사,"6,300",1,"6,300",
303,8801201016217,브론카이신 켄넬코프,미등록제조사,"2,900",-2,- ,
304,8806613024660,브르럭엑스과립 스틱 (청폐탕),경방신약,"1,611",36,"57,996",
305,8809273176724,블랙라벨 끈조절 편발수마스크,화이미,"1,700",17,"28,900",
306,8809273173068,블랙라벨손목장갑형M,미등록제조사,"7,500",4,"30,000",
307,82908821018,비디울트라파인 0.5ml/8mm 1봉지(10개),미등록제조사,"1,683",22,"37,026",
308,82904903015,비디울트라파인 1ml/6mm1봉지(10개),미등록제조사,"1,690",31,"52,390",
309,0100382903288212,비디울트라파인2인슐린주사기0.5ml,벡톤디킨슨코리아(주),"16,830",1,"16,830",
310,0100382903249039,비디울트라파인인슐린주사기1ml/31G*6mm 100pcs,BD,"16,830",2,"33,660",
311,82908820011,비디인슐린주사기 1ml/8mm,미등록제조사,"1,480",15,"22,200",
312,8806581082010,비맥스메타비정 4개월분,(주)녹십자,"38,887",5,"194,435",
313,8806581063118,비맥스메타정 4개월분,(주)녹십자,"37,807",3,"113,421",
314,8806581084413,비맥스제트 2.5개월분,녹십자,"29,459",1,"29,459",
315,8806581084410,비맥스제트 5개월분,녹십자,"64,812",4,"259,248",
316,8806428008114,비아핀에멀젼(트롤아민),고려제약(주),"5,890",3,"17,670",
317,8806022202680,비오킬(베드버그),동성제약,"4,400",12,"52,800",
318,8806703049214,비코그린s플러스,코오롱,"3,900",5,"19,500",
319,8809356623305,비타롱 그린펀치,미등록제조사,"11,000",2,"22,000",
320,8809356623435,비타롱 레드펀치,미등록제조사,"11,000",2,"22,000",
321,8809356623299,비타롱 블루펀치,미등록제조사,"11,000",2,"22,000",
322,8809356623312,비타롱 옐로우펀치,미등록제조사,"11,000",2,"22,000",
323,8809356623329,비타롱 화이트펀치,미등록제조사,"11,000",3,"33,000",
324,8806446004911,비티엘라(60C*2),조아제약,"25,000",2,"50,000",
325,8806411001030,비판텐 연고 100g,미등록제조사,"18,700",8,"149,600",
326,8806411001016,비판텐연고,바이엘코리아(주),"8,800",21,"184,800",
327,8801334000047,비판톨(데이케어립스틱),바이엘코리아(주),"5,650",4,"22,600",
328,8801334300192,비판톨나이트케어립크림7.5ml,바이엘코리아(주),"5,960",2,"11,920",
329,9520000004,빨리깨는 숙취해소제 세트,미등록제조사,"3,270",1,"3,270",
330,8809495480265,뽀솜다이어리 생리대(대형),타운에스,"4,000",5,"20,000",
331,8809417151228,뽀송이 베이비파우더,미등록제조사,"4,200",1,"4,200",
332,8806103601142,뿌리는소독약과산화수소수,미등록제조사,"1,350",2,"2,700",
333,8809004796405,뿌리는에탄올500ml(제타),국내,"4,000",1,"4,000",
334,8806411001115,사리돈에이정,바이엘코리아(주),"3,050",19,"57,950",
335,8906078363042,사이클론안연고,미등록제조사,"11,000",1,"11,000",
336,8806613025513,삼소천액(삼소음액),경방신약(주),610,18,"10,980",
337,8806457027919,삼아리도멕스크림0.15%,삼아제약,"3,000",5,"15,000",
338,8806457007911,삼아탄툼액,삼아제약(주),"1,000",42,"42,000",
339,0102000000000257,삼양연고,미등록제조사,"3,200",1,"3,200",
340,8809291820616,상공압축탈지면(절단솜),상공양행,"1,000",14,"14,000",
341,8809291820623,상공탈지면(대),상공,"1,200",5,"6,000",
342,8809291820609,상공탈지면(소),상공양행,350,11,"3,850",
343,8809854720698,상쾌환 쾌변(푸룬),미등록제조사,"1,500",12,"18,000",
344,8806438014624,새사래첩부제(특대형),신신제약(주),"4,290",33,"141,570",
345,8806574001328,성광관장약,(주)퍼슨,330,15,"4,950",
346,8806574001311,성광관장약20ml,성광제약(주),300,10,"3,000",
347,08806574001915,성광알파헥시딘5%액(글루콘산클로르헥,(주)퍼슨,"5,500",2,"11,000",
348,9520000013,성심 일회용주사기 1cc (500원),미등록제조사,57,106,"6,042",
349,9520000040,성심 일회용주사기 20cc,미등록제조사,170,91,"15,470",
350,8807001107866,성인건강마그네슘,미등록제조사,"11,000",4,"44,000",
351,8806526072611,세나트리플,신신,"8,470",17,"143,990",
352,5012917030167,세민트라30ml,동물의약품,"39,000",1,"39,000",
353,8806050010059,세븐스피디5호(진한밤색)40g,미등록제조사,"2,800",1,"2,800",
354,8806050010066,세븐스피디6호(흑갈색)40g,미등록제조사,"2,800",1,"2,800",
355,8806050010073,세븐스피디7호(자연흑색)40g,미등록제조사,"2,800",1,"2,800",
356,8806427071812,세비타비겔,동화약품,"4,906",5,"24,530",
357,8806105404215,센소다인160g+칫솔,미등록제조사,"5,132",3,"15,396",
358,8806421050516,센스데이정,미등록제조사,"2,420",86,"208,120",
359,8806418051915,센스리베정,광동제약(주),"4,861",13,"63,193",
360,8806109100083,센스카겔,동국제약(주),"10,000",5,"50,000",
361,8806534025265,센시아정(센텔라정량추출물),동국제약(주),"42,000",4,"168,000",
362,8806418068722,센코딜에프정 20T,광동제약,"2,400",3,"7,200",
363,8809467500038,셀티아이 골드 2달분,(주)조은건강,"24,250",1,"24,250",
364,8809467500045,셀티아이 골드 4달분,조은건강,"50,000",2,"100,000",
365,8806103601203,소독용에탄올-그린제약1L,미등록제조사,"3,100",1,"3,100",
366,8806103600022,소독용에탄올스프레이,그린제약,"1,500",3,"4,500",
367,8806613052526,소렉신20캡슐,경방신약,"2,090",34,"71,060",
368,8806613052724,소렉신연조엑스5포,미등록제조사,"2,240",35,"78,400",
369,8806440039721,소보민시럽,미등록제조사,"1,100",18,"19,800",
370,8806613035918,소폐탕액,경방신약(주),600,13,"7,800",
371,8806613026176,소폐탕엑스과립(소청룡탕),경방신약(주),"1,507",7,"10,549",
372,8809001570305,소프트콘돔 밀착형49,미등록제조사,"2,200",3,"6,600",
373,8809001579551,소프트콘돔 프리미엄,네오메디칼,"4,200",2,"8,400",
374,8809001579124,소프트콘돔일반형,(주)메디톡스,"2,790",1,"2,790",
375,8806433087418,속청,종근당,590,12,"7,080",
376,8809250940010,손가락 골무 중형,미등록제조사,500,7,"3,500",
377,8809663534950,수면건강잘시간,미등록제조사,"16,500",7,"115,500",
378,8809302587255,수성 탄력붕대 2인치(5*190cm),이팜,340,10,"3,400",
379,8809302587262,수성 탄력붕대 3인치(7.5*190cm),수성위생재료,375,13,"4,875",
380,8809302587279,수성 탄력붕대 4인치(10*190cm),수성위생,541,8,"4,328",
381,8809302587286,수성 탄력붕대 6인치(15*190cm),수성,700,12,"8,400",
382,8809302581840,수성 탄력붕대-엔(가장작은붕대),수성위생재료공업사,209,27,"5,643",
383,8809302588429,수성멸균거즈-엔 5*5(소) 1통,미등록제조사,"4,000",1,"4,000",
384,8809302581864,수성붕대10cm*12,수성위재,375,30,"11,250",
385,9520000031,술드시기전(가네톡버전),미등록제조사,"2,455",5,"12,275",
386,9520000050,술드신후 속쓰림까지(가네톡버전),미등록제조사,"2,014",3,"6,042",
387,8806574008020,스웨트롤패드액(글리코피롤레이트),(주)퍼슨,"11,000",44,"484,000",
388,8806438002119,스카덤겔,신신제약(주),"5,720",28,"160,160",
389,8806393526088,스카덤울트라10g,미등록제조사,"11,000",11,"121,000",
390,8806438029918,스카덤클리어겔,신신제약,"4,070",14,"56,980",
391,8806438029925,스카덤클리어겔 20g,신신제약,"6,050",11,"66,550",
392,8809720800424,스킨카솔겔,이엘티사이언스,"5,000",1,"5,000",
393,8806613048826,스토마큐20정,경방신약,"2,145",28,"60,060",
394,8806538060026,스티모린 에스크림 10g,(주)신일제약,"4,180",48,"200,640",
395,8806473041111,스피롱액,에이치엘비제약,310,7,"2,170",
396,8806446030111,시원타조아나잘스프레이,조아제약(주),"2,970",11,"32,670",
397,8806723002336,신)타이레놀500mg(30정),미등록제조사,"6,200",17,"105,400",
398,8806438003321,신신물파스에스,신신제약(주),"1,925",19,"36,575",
399,8806438020151,신신아렉스 소형 14매,신신제약,"1,833",30,"54,990",
400,8806438031225,신신아렉스마일드,신신제약(주),"2,530",49,"123,970",
401,8806438034424,신신캐네펜카타플라스마,미등록제조사,"2,530",45,"113,850",
402,8806438004069,신신티눈밴드(발바닥형),신신제약(주),"2,540",2,"5,080",
403,8806438035315,신신티눈밴드S,미등록제조사,"3,520",28,"98,560",
404,8806438004618,신신파스아렉스,신신제약(주),"2,068",50,"103,400",
405,8806438037418,신신플렉스정,신신제약,990,113,"111,870",
406,8806436012226,써버쿨액,미등록제조사,"2,485",24,"59,640",
407,8806436035713,써버쿨키드크림,(주)녹십자,"1,404",34,"47,736",
408,8806503037619,써버쿨플라스타30매,녹십자,"3,241",21,"68,061",
409,1880642903114,써큐록신,미등록제조사,"29,999",1,"29,999",
410,8806613071237,쎄파렉신연조엑스5p,미등록제조사,"2,970",8,"23,760",
411,8809497532177,쏠라씨(레몬맛),고려은단헬스케어,"2,400",5,"12,000",
412,8806483013214,아나프리스프레이,미등록제조사,"5,140",1,"5,140",
413,8806422014227,아락실과립,부광약품(주),"3,100",6,"18,600",
414,8806422024813,아락실큐정20정,부광약품(주),"3,300",5,"16,500",
415,8806429010024,아로나민골드정,일동제약(주),"27,500",14,"385,000",
416,8806429065512,아로나민골드프리미엄 120T,일동,"32,000",6,"192,000",
417,8806429010130,아로나민씨플러스정,일동제약(주),"31,000",3,"93,000",
418,8806560006917,아론정(독시라민석시네이트),알리코제약(주),880,16,"14,080",
419,1880658101141,아시원정360정(2달분),미등록제조사,"55,000",3,"165,000",
420,8809659316584,아워팜 관절건강 옵티 MSM 60정,아워팜,"12,500",3,"37,500",
421,8809935032276,아워팜 브레인케어 포스파티딜세린 징코,미등록제조사,"30,000",3,"90,000",
422,8806119824771,아워팜 성인건강 썬D 2000IU,아워팜,"9,000",4,"36,000",
423,8806119825464,아워홈 코큐텐,아워홈,- ,12,- ,
424,8806449043156,아이드롭순,*중외제약,- ,-1,- ,
425,8800520000618,아이미루 골드콘택트,유한양행,"2,992",18,"53,856",
426,8800520000519,아이미루40EX마일드13ml,신신제약,"2,700",22,"59,400",
427,8800520000410,아이미루40이엑스골드점안액,라이온코리아주식회사,"3,500",10,"35,000",
428,8800520000229,아이미루40이엑스점안액,라이온코리아주식회사,"2,700",16,"43,200",
429,8800520000328,아이미루콘택트퓨어점안액,라이온코리아주식회사,"2,700",18,"48,600",
430,8806265008612,아이봉더블유세안액,동아제약(주),"9,790",1,"9,790",
431,8806265008513,아이봉씨세안액,동아제약(주),"8,910",3,"26,730",
432,8806417055112,아이치온정(글루타티온(환원형))1정,일양약품(주),364,185,"67,340",
433,8809595322649,아이클린 30ml,펫팜,"3,500",2,"7,000",
434,08806980035627,아이포레,미등록제조사,"4,320",8,"34,560",
435,8806436066021,아이포레점안액,미등록제조사,"4,320",-1,- ,
436,8806267001512,아젤리아크림(아젤라산),레오파마(유),"16,000",4,"64,000",
437,8806417010425,아진팜,일양약품,891,64,"57,024",
438,8801201019145,아쿠아파워시드1L,미등록제조사,"60,000",1,"60,000",
439,8806703040020,아프니벤큐액(디클로페낙),코오롱제약(주),"5,750",2,"11,500",
440,8807001107934,안심 액티브엽산 플러스,아워팜,"15,000",2,"30,000",
441,8806006156480,안티푸라민 쿨에어파스 파워 250ml,유한양행(주),"2,722",26,"70,772",
442,8806421045239,안티푸라민더블파워카타플라스마,(주)유한양행,"1,364",146,"199,144",
443,8806421010220,안티푸라민에스로션(수출명:유한안티푸,(주)유한양행,"2,550",3,"7,650",
444,8806006156114,안티푸라민연고 60g,(주)유한양행,"2,320",1,"2,320",
445,8806006156107,안티푸라민연고30g,미등록제조사,"1,550",1,"1,550",
446,8806421043013,안티푸라민한방카타플라스마,(주)유한양행,"1,870",82,"153,340",
447,8809594170364,알디콤1포,천지인초,"1,590",-1,- ,
448,8806417011118,알레드정(세티리진염산염),일양약품(주),656,9,"5,904",
449,8806706045527,알룬정,(주)휴온스,"22,680",2,"45,360",
450,8806421010756,알마겔에프현탁액6포,유한양행,"1,500",6,"9,000",
451,8806939036712,알보칠,미등록제조사,"5,225",16,"83,600",
452,8806560012123,알비정400mg,알리코제약(주),350,9,"3,150",
453,8809123171237,알유21 6정,(주)페이펄유통,"2,860",31,"88,660",
454,8806574003315,애니클렌액,(주)퍼슨,"3,180",5,"15,900",
455,8800516003722,애드빌리퀴겔연질캡슐(이부프로펜),(주)글락소스미스클라인컨슈머헬스케어코리아,"6,000",1,"6,000",
456,8800516003715,애드빌리퀴겔연질캡슐(이부프로펜),(주)글락소스미스클라인컨슈머헬스케어코리아,"2,450",4,"9,800",
457,8806497024015,애크논크림,지엘파마(주),"5,940",65,"386,100",
458,8806265018215,애크린겔,동아제약,"5,940",36,"213,840",
459,8809273172573,얇은테이핑블랙라벨손목보조L,미등록제조사,- ,2,- ,
460,8809273172566,얇은테이핑블랙라벨손목보조M,미등록제조사,"7,500",2,"15,000",
461,8809273173044,얇은테이핑손목보조보호대L,미등록제조사,"7,500",1,"7,500",
462,8809273173105,얇은테이핑탄력보호대발목보조M,미등록제조사,"9,000",4,"36,000",
463,8806439009117,어린이부루펜시럽(이부프로펜),삼일제약(주),"4,900",1,"4,900",
464,8806723002527,어린이타이레놀200mL,얀센,"5,300",1,"5,300",
465,8806438036817,업텐션,신신,- ,1,- ,
466,8806438036831,업텐션,신신,"5,060",14,"70,840",
467,8806429059016,에너라민파워액,일동제약(주),"1,367",175,"239,225",
468,8809320250513,에너지바이탈포도당캔디-레몬,(주)클라나드,"1,400",17,"23,800",
469,8809320250537,에너지바이탈포도당캔디-복숭아,(주)클라나드,"1,400",29,"40,600",
470,8806538020914,에어로민캡슐,신일제약(주),"1,155",16,"18,480",
471,8809661150893,에어캅마스크5매입,오케이메디컬,600,51,"30,600",
472,8809661150855,에어캅마스크블랙,미등록제조사,650,49,"31,850",
473,8806489024115,에이리스정,한국화이자제약(주),"5,970",4,"23,880",
474,8806456014323,에폴민 카타플라스마,일동제약,"3,000",97,"291,000",
475,8809193963640,에프 모기향,일명제약주식회사,550,2,"1,100",
476,8806581063036,엑스콜디과립6포,한풍제약,"1,400",49,"68,600",
477,8800732000413,엔디멜라 10정,노바엠헬스케어,660,9,"5,940",
478,8806446023519,엘라스에이액(트록세루틴),조아제약(주),"2,860",31,"88,660",
479,8809351282538,엘포비플로라프로120C(4개월),MIA,"65,000",3,"195,000",
480,8809351281531,엘포비플로라프로60C(2개월),MIA,"32,500",1,"32,500",
481,8809273171187,여드름큐렛,미등록제조사,"3,500",3,"10,500",
482,8809475260597,오드리선생리대-중형16매,미등록제조사,"4,000",1,"4,000",
483,8806534007933,오라메디연고{수출명:오라메디파스타(O,동국제약(주),"5,200",19,"98,800",
484,8806534033512,오라비텐정,동국제약(주),"4,000",29,"116,000",
485,8800039700023,오라퀵,인솔,"31,943",11,"351,373",
486,9300647000342,오랄비민트치실,(주)유한양행,"1,760",10,"17,600",
487,8806445006018,오로친에스정,(주)유유제약,"3,000",3,"9,000",
488,8801201006562,오리더밀10g,미등록제조사,"8,500",3,"25,500",
489,8806704022230,오큐시스(60개),보령제약,"6,776",16,"108,416",
490,8800516002619,오트리빈멘톨0.1%분무제(염산키실로메,(주)글락소스미스클라인컨슈머헬스케어코리아,"7,260",6,"43,560",
491,8800516003012,오트리빈에스비강분무액(옥시메타졸린,(주)글락소스미스클라인컨슈머헬스케어코리아,"8,079",3,"24,237",
492,0103605874299344,오티프리 귀 세정,미등록제조사,"6,500",1,"6,500",
493,8801201507116,오티프리160ml,홍익메디케어,"9,500",1,"9,500",
494,8809218319117,옥산플라콘혀크리너,(주)옥산,750,17,"12,750",
495,8806581013116,올가과립(위령탕엑스과립),(유)한풍제약,293,86,"25,198",
496,8801201006545,옴니쿠어산,미등록제조사,"9,600",3,"28,800",
497,8713184098283,옵티뮨,한국MSD,"26,000",1,"26,000",
498,8806613049717,요신20정,경방신약,"1,980",3,"5,940",
499,8806419031329,용각산,보령제약(주),"9,000",1,"9,000",
500,8806419031312,용각산,보령제약(주),"4,830",1,"4,830",
501,8806419031640,용각산쿨과립 민트향 18포,보령제약(주),"4,419",15,"66,285",
502,8806419031633,용각산쿨과립 복숭아향18포,보령제약(주),"4,173",71,"296,283",
503,8806419031664,용각산쿨과립민트향,보령제약,"3,490",7,"24,430",
504,8806419031657,용각산쿨과립복숭아향,보령제약,"3,264",4,"13,056",
505,8806419031688,용각산쿨블루베리,미등록제조사,"4,419",8,"35,352",
506,8806417062226,용비산쿨 10포,일양약품,"4,400",15,"66,000",
507,8806416020432,우루사100밀리그람정,(주)대웅제약,"35,000",2,"70,000",
508,8806723002114,우먼스타이레놀,존슨앤존슨,"2,850",4,"11,400",
509,8809181852208,웰클린황사마스크,산마을,410,-1,- ,
510,8806417061212,위제로,미등록제조사,400,25,"10,000",
511,8806421044027,윌로겔더블액션현탁액,(주)유한양행,"1,782",10,"17,820",
512,8806421015416,유한비타민씨정1000mg,(주)유한양행,- ,6,- ,
513,8806613030272,윤폐탕엑스과립,경방신약(주),"1,276",42,"53,592",
514,4571230430319,은 칫솔(숯칫솔일반),팜앤씨,"1,200",5,"6,000",
515,8806419032623,이가덱스캡슐,보령제약(주),"7,365",1,"7,365",
516,8806419032627,이가덱스캡슐,보령제약(주),"14,730",2,"29,460",
517,8809327863228,이너케어 우먼밸런스윤산균,아워팜,"15,217",8,"121,736",
518,8806452023329,이덴큐캡슐,슈넬생명과학(주),"1,150",6,"6,900",
519,5701170334869,이사탈 3g,이서동물약품,"18,000",5,"90,000",
520,2218033051809,이소틱,버박,"14,500",2,"29,000",
521,8809893596520,이지덤리얼카밍,대웅제약,"6,730",7,"47,110",
522,8809893593093,이지덤릴리프,대웅제약,"3,960",5,"19,800",
523,8809658606426,이지덤뷰티57매,대웅제약,"3,960",6,"23,760",
524,8809668709742,이지슬림칼로번,미등록제조사,"20,000",3,"60,000",
525,8806416046623,이지에프새살연고 5g,(주)대웅제약,"11,000",5,"55,000",
526,8806416021323,이지엔6애니연질캡슐(이부프로펜),(주)대웅제약,"1,540",28,"43,120",
527,8806416055519,이지엔6이브연질캡슐,(주)대웅제약,"1,690",8,"13,520",
528,8806416055526,이지엔6이브연질캡슐,(주)대웅제약,"4,500",31,"139,500",
529,8806416021415,이지엔6프로연질캡슐,(주)대웅제약,"1,690",26,"43,940",
530,8806416021422,이지엔6프로연질캡슐(덱시부프로펜)(수,(주)대웅제약,"4,500",13,"58,500",
531,8806265011711,이치논크림60g,미등록제조사,"11,000",11,"121,000",
532,1880643302311,이튼큐정 270정,미등록제조사,"24,200",7,"169,400",
533,8806534008633,인사돌플러스정,동국제약(주),"29,480",2,"58,960",
534,8800157800209,인클리어 3+1개입,(주)씨아이티,"5,652",18,"101,736",
535,8806230000610,인펙신캡슐,기화바이오생명제약(주),- ,72,- ,
536,8806429017726,일동엑소데릴액,일동제약(주),"3,350",6,"20,100",
537,8806035107132,일양 방수밴드(표준),미등록제조사,"1,000",12,"12,000",
538,8806035107118,일양 방수밴드(혼합),미등록제조사,"1,000",11,"11,000",
539,8809273178810,일양스포츠테이핑,일양(대지인팜),"4,500",7,"31,500",
540,8806035107620,일양아쿠아드레싱(대),미등록제조사,"1,300",11,"14,300",
541,8806035107606,일양아쿠아드레싱(특대),미등록제조사,"1,300",12,"15,600",
542,8806427026942,잇치페이스트120g,동화약품(주),"8,700",5,"43,500",
543,8806018719222,잡스수성에어로졸,일동,"3,420",22,"75,240",
544,8806018718638,잡스와프와프,일동,"8,800",4,"35,200",
545,8806018705416,잡스울트라(바퀴),잡스,"4,400",10,"44,000",
546,8806435065117,장쾌락시럽,한미약품(주),- ,64,- ,
547,4719003070021,전자체온계-하이스피드,마이크로라이프,"10,000",4,"40,000",
548,8806137510229,점착성투명 창상피복재(더마틱스 울트,한국메나리니(주),"13,860",9,"124,740",
549,8806530067719,제로무네일라카,보령컴슈머헬스케어,"6,874",10,"68,740",
550,8806530068310,제로무원스외용액7G,보령컨슈머헬스케어,"3,457",6,"20,742",
551,8809720800455,제스타제정 10정,이서동물약품,"3,500",-1,- ,
552,8800543000916,제일롱파프플라스타(록소프로펜나트륨,제일헬스사이언스주식회사,"1,283",39,"50,037",
553,8806538052021,젠스트린 레몬향,신일제약,"2,750",10,"27,500",
554,8806538052014,젠스트린트로키 민트,신일,"2,750",13,"35,750",
555,8806433025212,젤콤정,(주)종근당,650,6,"3,900",
556,8801201030321,조인트캅,동물약,"18,000",1,"18,000",
557,8801206003329,종근당비타C젤리(샤인머스켓),종근당,660,26,"17,160",
558,8809399863041,종근당비타민씨플러스120포(통),종근당,"12,000",6,"72,000",
559,8806433094017,종근당조인트콘드로정(2개월분),(주)종근당,"25,000",4,"100,000",
560,8806530020424,지노베타딘질세정액(포비돈요오드)광동,(주)한국파마,"8,960",3,"26,880",
561,8806473009517,지노베타딘질좌제(포비돈요오드),(주)씨트리,"7,367",27,"198,909",
562,8806541001115,지르텍정,한국유씨비제약(주),"3,993",22,"87,846",
563,1890426990154,지마스터 독 ~4kg,미등록제조사,"14,400",3,"43,200",
564,1890426990156,지마스터독(4~10kg),미등록제조사,"22,000",2,"44,000",
565,1890426990164,지마스터캣~4kg,미등록제조사,"18,000",5,"90,000",
566,8806119827789,지속성비타민C,아워팜,"15,833",4,"63,332",
567,8806448016724,지스톤크림,태극제약(주),"1,650",-27,- ,
568,8809597280367,진프로바이오틱스후레쉬,미등록제조사,"16,500",3,"49,500",
569,8809715490937,징코골드젠시아120캡슐,한국에코팜,"40,000",-5,- ,
570,8809193963848,쫑모기향,종근당,520,2,"1,040",
571,8809273178018,찜질팩 분홍,위생,"1,200",2,"2,400",
572,8806265009725,챔프노즈시럽,미등록제조사,"2,310",2,"4,620",
573,8806265008926,챔프시럽(아세트아미노펜),동아제약(주),"3,742",5,"18,710",
574,8806265009022,챔프이부펜시럽(이부프로펜),동아제약(주),"3,850",6,"23,100",
575,8806265019823,챔프코프에스,미등록제조사,"2,590",2,"5,180",
576,8806265019328,챔프콜드펜시럽,동아제약,"3,850",4,"15,400",
577,8809376200050,초강력시린저,삼현제약,"2,400",1,"2,400",
578,8806585001423,취어스액,익수제약(주),"2,400",50,"120,000",
579,8806613032214,치감에프환,경방신약(주),- ,-6,- ,
580,8806613032375,치감엑스과립,경방신약(주),"1,103",30,"33,090",
581,8806534037930,치센캡슐120C,미등록제조사,"31,000",7,"217,000",
582,8806581016049,치지래,미등록제조사,"8,910",6,"53,460",
583,8806459026026,카네마졸100밀리그람질정,동광제약(주),"1,470",9,"13,230",
584,8806411003010,카네스텐1질정(클로트리마졸),바이엘코리아(주),"9,923",10,"99,230",
585,8806411003218,카네스텐질정6질정,바이엘코리아(주),"11,000",9,"99,000",
586,8806411003348,카네스텐크림10g,바이엘코리아(주),"6,435",8,"51,480",
587,8806411003317,카네스텐크림20g,바이엘코리아(주),"9,720",7,"68,040",
588,9520000043,카디오스피,미등록제조사,"30,000",1,"30,000",
589,83078004293,카멕스 립스틱,미등록제조사,"3,100",12,"37,200",
590,083078004200,카멕스 밤타입,미등록제조사,"3,100",8,"24,800",
591,0083078004231,카멕스립크림 튜브타입,미등록제조사,"3,100",21,"65,100",
592,8806239001427,카베진코와알파정,한국코와주식회사,"11,770",1,"11,770",
593,8806458028212,카이로정,한솔신약(주),"1,900",6,"11,400",
594,8809983022250,캐니덴트치약 고구마향,동국제약,"8,000",4,"32,000",
595,8809983022267,캐니덴트치약 닭고기향,동국제약,"8,000",5,"40,000",
596,8809720801100,캐니돌정60T,동국제약,"18,000",2,"36,000",
597,8801201012097,캐니샷® 강아지 종합백신,동물의약품,"1,800",-1,- ,
598,8809720800585,캐니코프30캡슐,동물약품,"10,000",1,"10,000",
599,3598715004729,캐치원 10-20kg,미등록제조사,"25,455",9,"229,095",
600,5865238726451,캐치원 2.5-5kg,미등록제조사,"19,000",2,"38,000",
601,2522357854696,캐치원 5-10kg,미등록제조사,"21,500",10,"215,000",
602,3598744586210,캐치원UPTO 2.5KG,미등록제조사,"17,100",3,"51,300",
603,6742682348646,캐치원캣2.5-7.5,미등록제조사,"16,000",15,"240,000",
604,8051532458793,컴플리트,미등록제조사,"59,000",1,"59,000",
605,8809720800660,케모덤 외용액 100ml,미등록제조사,"12,000",1,"12,000",
606,8806435024541,케어가글액(벤제토늄염화물)(청색.박하,한미약품(주),"5,812",108,"627,696",
607,8806018704662,케어리브 L 16개,일동제약(주),"2,850",26,"74,100",
608,8806018703252,케어리브 M20개,일동제약(주),"2,500",13,"32,500",
609,8806018704990,케어리브 S소형 30개입,일동제약(주),"3,325",10,"33,250",
610,8806018704679,케어리브 관절용 7개입(CL7B),일동제약(주),"3,000",20,"60,000",
611,8806018705447,케어리브 도트 16개,일동제약(주),"2,850",19,"54,150",
612,8806018703221,케어리브 방수M 20개,일동제약(주),"2,850",17,"48,450",
613,8806018703269,케어리브 밴드 중형 10매,일동제약(주),"1,500",-3,- ,
614,8806018703238,케어리브 손끝용 10개,일동제약(주),"2,500",16,"40,000",
615,8806018703214,케어리브 아카기레 20개입(CLAGB20K),일동제약(주),"2,850",10,"28,500",
616,8806018703245,케어리브 혼합20개,일동제약(주),"3,000",23,"69,000",
617,8806018705454,"케어리브(발뒤꿈치형,12개입)",일동제약(주),"2,500",17,"42,500",
618,8806018717440,케어리브(방수형/손끝형) 8매,니치방,- ,-1,- ,
619,8800570005615,케어모블캡슐(180캡슐),더유제약(주),"27,500",2,"55,000",
620,8809126646947,케어센스Ⅱ플러스,더샵,"12,000",1,"12,000",
621,8809126645988,케어센스일회용멸균수동채혈침,한솔제이팜,950,6,"5,700",
622,8809445831628,케어센스펜니들4mm,아이센스,"6,820",3,"20,460",
623,8809445831635,케어센스펜니들6mm,x,"6,820",2,"13,640",
624,8809126640075,케어센스혈당측정검사지,아이센스,"7,000",4,"28,000",
625,8806521052892,케토톱40매,한독,"10,200",11,"112,200",
626,8806433035044,케펨 롱10p,종근당,"1,650",24,"39,600",
627,1880643303503,케펨1박스,(주)녹십자,"4,800",-8,- ,
628,8806433035037,케펨플라스타,(주)종근당,"1,375",-5,- ,
629,8806573032446,코디케어로션2.5%(히드로코르티손),(주)동구바이오제약,"7,350",1,"7,350",
630,8800111709197,코로나19항원자가검사,SD바이오센서,- ,-1,- ,
631,8806416064320,코메키나캡슐10캡슐,대웅제약,"1,683",-2,- ,
632,8806435062116,코앤나잘스프레이,한미약품(주),"5,940",20,"118,800",
633,8806435088116,코앤쿨S(new),한미약품(주),"4,950",21,"103,950",
634,8806435073914,코앤쿨나잘스프레이,한미약품(주),"4,950",31,"153,450",
635,8806422044613,코트리나캡슐,부광약품,"1,820",58,"105,560",
636,8806421055221,코푸시럽에스,유한양행,"1,650",46,"75,900",
637,8806421023312,콘택골드캡슐,(주)유한양행,"2,260",5,"11,300",
638,8806718078322,콜대원 노즈큐에스,대원제약,"1,980",12,"23,760",
639,8806718078223,콜대원나이트시럽,미등록제조사,"2,400",7,"16,800",
640,8806718061027,콜대원노즈에스시럽,대원제약(주),"1,980",20,"39,600",
641,8806718073624,콜대원코프큐시럽,미등록제조사,"2,080",9,"18,720",
642,8806718065827,콜대원키즈 노즈에스시럽,미등록제조사,"1,760",18,"31,680",
643,8806718071828,콜대원키즈(종합감기),대원제약,"2,560",5,"12,800",
644,8806718064523,콜대원키즈코프시럽,대원제약(주),"1,870",13,"24,310",
645,8806436066311,콜록 종합감기,미등록제조사,"1,512",13,"19,656",
646,8809209603850,쾌변(유쾌통쾌 내안의변신),하나메디,"1,889",11,"20,779",
647,88012011306580,쿠아쿠아테라핀포션,삼양애니팜,"7,500",2,"15,000",
648,88012011306587,쿠아쿠아파라텔포션100ml,삼양애니팜,"7,500",2,"15,000",
649,8806433094119,쿨노즈F(펙소페나딘),미등록제조사,800,89,"71,200",
650,8806436036413,쿨드림연질캡슐(디펜히드라민염산염),(주)녹십자,"1,080",32,"34,560",
651,8806538051611,쿨에버인후스프레이,신일제약(주),"4,400",20,"88,000",
652,8806417053415,쿼드케어연고10g,일양약품,"1,760",31,"54,560",
653,8806427070914,큐립연고,동화약품,"4,224",8,"33,792",
654,8806418069910,큐아크네플러스크림,미등록제조사,"4,910",5,"24,550",
655,8809129321032,큐어반A방수형밴드(대형),대원제약,"1,500",12,"18,000",
656,8809241992011,큐어반H(스팟.66매입),대원제약,"4,000",5,"20,000",
657,8809241992028,큐어반H커팅(3개입),대원제약,"4,000",21,"84,000",
658,8807747710009,크리노산,한국파메드,"27,290",1,"27,290",
659,8806417022817,크리맥액,일양약품(주),- ,-1,- ,
660,8806417022814,크리맥액 10병,일양약품(주),"6,200",1,"6,200",
661,8806789011358,크린클20ml*20,미등록제조사,"7,000",2,"14,000",
662,9520000042,클라펫 10정(1판),미등록제조사,"2,200",-12,- ,
663,0108904097386592,클라펫50,미등록제조사,"20,000",5,"100,000",
664,8801201046482,클로시딘,펫팜,"5,300",2,"10,600",
665,8806131800029,클리닉플러스칫솔N,미등록제조사,"1,500",5,"7,500",
666,8806521045511,클리어틴외용액2%(살리실산),(주)한독,"8,820",8,"70,560",
667,8806498030015,키미테-패취,명문제약(주),"3,750",15,"56,250",
668,8806436056411,타미노펜연질캡슐,미등록제조사,491,12,"5,892",
669,8806422038919,타세놀정500밀리그램(아세트아미노펜),부광약품(주),700,104,"72,800",
670,8806723001827,타이레놀500산,한국얀센,"5,500",6,"33,000",
671,8806469026016,타이레놀8시간이알서방정650mg 6T 얀센,미등록제조사,"1,670",6,"10,020",
672,8806723001728,타이레놀산160mg,미등록제조사,"4,088",5,"20,440",
673,8806723002329,타이레놀정500mg-10정,미등록제조사,"2,198",-5,- ,
674,8806469007312,타이레놀콜드-에스정(수출명:TylenolCo,(주)한국얀센,"2,270",7,"15,890",
675,8806436062719,탁센레이디,미등록제조사,"1,620",42,"68,040",
676,8806436062726,탁센레이디(30정),녹십자,"3,731",15,"55,965",
677,8806436016712,탁센연질캡슐(나프록센),(주)녹십자,"1,405",110,"154,550",
678,8806436016736,탁센연질캡슐30정,(주)녹십자,"4,320",25,"108,000",
679,8806448022619,태극아즈렌에스연고,태극제약(주),"2,560",7,"17,920",
680,8806265003730,터비뉴겔30g,동아제약,"3,740",5,"18,700",
681,8806265013722,터비뉴더블액션겔,동아제약,"3,850",29,"111,650",
682,8809351430014,터비덤 포밍 샴푸,미등록제조사,"20,000",2,"40,000",
683,8809351430076,터비덤스프레이100ml(일반),미등록제조사,"13,500",3,"40,500",
684,4987072023778,터프덴트,서윤패밀리,"4,000",-1,- ,
685,8800516002824,테라플루 데이 콜드&코프 10포,미등록제조사,"7,445",30,"223,350",
686,8800516002527,테라플루나이트타임 6포,(주)글락소스미스클라인컨슈머헬스케어코리아,"5,414",23,"124,522",
687,8800516002428,테라플루데이타임 6포,(주)글락소스미스클라인컨슈머헬스케어코리아,"5,414",17,"92,038",
688,8800516002923,테라플루콜드&코프나이트타임10포,미등록제조사,"7,445",35,"260,575",
689,8809273173075,테이핑탄력보호대손목장갑형L,미등록제조사,"7,500",-2,- ,
690,8806435028815,텐텐츄정,한미약품(주),"1,815",94,"170,610",
691,8806435028839,텐텐츄정 120정,한미약품(주),"18,634",7,"130,438",
692,8806011632856,템포 레귤러 10개입,동아제약(주),"3,800",3,"11,400",
693,8806011636717,템포오리지널,템포,"2,800",-2,- ,
694,8806526030918,토푸렉실플러스시럽,근화제약(주),"2,600",1,"2,600",
695,8800543012247,투엑스비디큐(1정),미등록제조사,250,515,"128,750",
696,8806581086042,투엑스비멀티플,제일약품,"37,000",5,"185,000",
697,1880054301301,투엑스비트리플 120정,미등록제조사,"34,000",7,"238,000",
698,8806419065119,트란시노2 120정,보령제약,"29,460",5,"147,300",
699,8806478023440,트레스탄캡슐,삼진제약(주),"23,100",2,"46,200",
700,8806478023457,트레스탄캡슐20C,삼진제약,"7,600",2,"15,200",
701,8800543007816,트리싹정200밀리그램(트리메부틴말레산,제일헬스사이언스주식회사,"1,100",152,"167,200",
702,8809467501134,트리어드코어vitD1달분,미등록제조사,"22,000",-1,- ,
703,8809467501141,트리어드코어vitD3달분,(주)셀로닉스,"66,000",2,"132,000",
704,8809720800745,트리졸스프레이(곰팡이피부병),미등록제조사,"13,000",1,"13,000",
705,8809864620193,티니핑 냉각시트,미등록제조사,"2,800",8,"22,400",
706,8801201024078,티어젠(단골은46000원),미등록제조사,"34,500",3,"103,500",
707,0108713184183460,파나쿠어250mg,미등록제조사,"8,000",1,"8,000",
708,0108713184183484,파나쿠어500,미등록제조사,"13,500",1,"13,500",
709,0102000000000002,파라캅 S,삼우메디안,"1,090",2,"2,180",
710,8809625390914,파라캅라지정,삼우메디안,"1,600",3,"4,800",
711,8806105402723,파로돈탁스 데일리 후로라이드,광동제약(주),"5,250",8,"42,000",
712,8806421055818,파모큐정(파모티딘),(주)유한양행,"1,144",37,"42,328",
713,8806575013528,파세몰비타정,미래제약(주),990,8,"7,920",
714,8806435031747,파워겔,한미약품(주),"5,940",17,"100,980",
715,8809236710590,파워더존킬라액,성진제약,"4,000",2,"8,000",
716,8806942053010,파워콜캡슐 10c,동화약품,600,45,"27,000",
717,8806448028123,파티마겔2.5%,태극제약(주),"4,400",6,"26,400",
718,8806427035125,판콜에스 1박스(30병),동화약품(주),"15,500",1,"15,500",
719,0108806427035128,판콜에스내복액,동화약품(주),"2,492",5,"12,460",
720,8806427035128,판콜에스내복액,동화약품(주),"14,078",1,"14,078",
721,8806265001320,판피린Q 큰박스,동아제약(주),"15,200",1,"15,200",
722,8806265001323,판피린큐액,동아제약(주),"2,533",36,"91,188",
723,8806436017214,페리덱스연고(덱사메타손),(주)녹십자,"2,598",16,"41,568",
724,1880641803222,페리비타캡슐 60캡,미등록제조사,"33,879",1,"33,879",
725,8806574015523,페리톡겔10g,(주)퍼슨,"2,970",5,"14,850",
726,8806538049410,펜다나정,신일제약(주),"1,393",45,"62,685",
727,8800543006512,펜싹프레쉬,제일헬스사시언스,880,45,"39,600",
728,8806433066741,펜잘8시간이알서방정,종근당,880,-9,- ,
729,8806433050214,펜잘큐정,(주)종근당,"2,330",5,"11,650",
730,9520000018,펠리샷PHC종합백신,미등록제조사,"5,800",3,"17,400",
731,8809583990959,펫노비스 소형2~6kg,미림펫,"4,460",1,"4,460",
732,8809583990935,펫노비스 초소형~3kg,미림펫,"4,460",1,"4,460",
733,8809583990843,펫노비스미트팡 관절&근육,미림펫,"1,750",5,"8,750",
734,8809583990898,펫노비스미트팡 체중&면역,미림펫,"1,750",5,"8,750",
735,8809583990904,펫노비스미트팡 피부&장,미림펫,"1,750",5,"8,750",
736,8809583990973,펫노비스슈즈가드 중형5~10kg,미림펫,"4,460",1,"4,460",
737,0102000000000258,펫스타터 구급키트,미등록제조사,"14,500",1,"14,500",
738,8809583990782,펫스힐캡츄,미림펫,"5,300",1,"5,300",
739,8809430261904,펭수 냉각시트,미등록제조사,"3,000",1,"3,000",
740,8806581017015,편장환,(유)한풍제약,335,11,"3,685",
741,8806613064833,평심액(천왕보심단),경방신약(주),"6,930",12,"83,160",
742,8806613064819,평심액(천왕보심단),경방신약(주),693,46,"31,878",
743,8806613033419,폐활탕엑스과립,경방신약(주),301,81,"24,381",
744,8806478025314,포나민정,삼진제약(주),"1,200",1,"1,200",
745,8806006624514,포레신,미등록제조사,"7,500",2,"15,000",
746,8809129607297,포켓용XY알로에젤,신우,"2,676",7,"18,732",
747,8806718034410,포타겔현탁액(디옥타헤드랄스멕타이트),대원제약(주),"2,700",5,"13,500",
748,8806876001026,포텐시에이터액(엘-아스파라긴산-엘-아,(주)재우스팜,"28,600",1,"28,600",
749,8806876001033,포텐시에이터액-낱개,(주)재우스팜,"7,150",8,"57,200",
750,8806105402709,폴리덴트 나이트 48정,동화,"7,920",4,"31,680",
751,8806105401764,폴리덴트 맥스 씰,일동,"7,756",12,"93,072",
752,8806105401290,폴리덴트5분퀵플러스48정,미등록제조사,"7,700",5,"38,500",
753,8806105400866,폴리덴트내추럴무향의치부착재,(주)글락소스미스클라인컨슈머헬스케어코리아,"7,426",4,"29,704",
754,8806105403584,폴리덴트세정제일반(온팩),미등록제조사,"7,700",4,"30,800",
755,8806429061217,푸레파베인캡슐(디오스민),일동제약(주),"5,000",4,"20,000",
756,1880642906881,푸레파센600mg정,미등록제조사,"16,500",5,"82,500",
757,8806429064010,푸레파인마일드연고28g,일동제약,"4,079",7,"28,553",
758,8806429063921,푸레파인마일드좌제10개,미등록제조사,"8,470",4,"33,880",
759,8806429059412,푸레파인연고 28g,미등록제조사,"4,080",7,"28,560",
760,8806749004413,풀케어네일라카(시클로피록스),한국메나리니(주),"17,598",2,"35,196",
761,8809597280466,풋크림 프로캄,미등록제조사,"4,400",5,"22,000",
762,8806449151615,프렌즈아이드롭 아이스,미등록제조사,"3,080",4,"12,320",
763,8806449149827,프렌즈아이드롭순(일회용),중외제약,"3,025",20,"60,500",
764,8806449043149,프렌즈아이드롭점안액(쿨),제이더블유중외제약(주),"3,025",20,"60,500",
765,8806449043163,프렌즈아이드롭점안액(쿨하이),제이더블유중외제약(주),"3,025",26,"78,650",
766,8935020372597,프로닐스팟 10-20kg,에디팜-이안애니멀헬스,"24,200",1,"24,200",
767,8935020375246,프로닐스팟 20-40kg,에디팜-이안애니멀헬스,"35,000",1,"35,000",
768,8935020372313,프로닐스팟 2~10kg,에디팜-이안애니멀헬스,"15,400",1,"15,400",
769,8806417025016,프로엑스피액,일양약품(주),"2,200",-13,- ,
770,8806417025017,프로엑스피액 90v,미등록제조사,"198,000",2,"396,000",
771,8809467500663,프로칼맥디 골드,셀로닉스,"17,500",-1,- ,
772,8809467500670,프로칼맥디골드,셀로닉스,"35,000",2,"70,000",
773,8806124280265,프로캄 레드엑스 크림,한미약품,"8,000",9,"72,000",
774,8809597280381,프로캄 립 에센스,미등록제조사,"3,465",14,"48,510",
775,8806124280340,프로캄 핸드크림,한미약품,"2,600",8,"20,800",
776,8806124280432,프로캄EGF엑티브바이탈크림,한미약품(주),"9,900",19,"188,100",
777,8809597280213,프로캄클레어진여성청결제,한미약품,"7,700",4,"30,800",
778,8809597281043,프로캄판테놀립밤(스틱형),한미약품,"3,960",17,"67,320",
779,8806052000126,프로폴리스칸,조아제약,"1,320",14,"18,480",
780,9520000041,프론트라인플러스 보라(20~40kg),미등록제조사,"38,500",1,"38,500",
781,9520000032,프론트라인플러스10kg이하(주황),미등록제조사,"21,500",2,"43,000",
782,9520000033,프론트라인플러스10~20kg(파랑),미등록제조사,"32,000",2,"64,000",
783,8809720800509,프리가드액120mL,동물약,"5,000",2,"10,000",
784,8809690921914,프리솔라이노시톨,프리솔라,"19,500",2,"39,000",
785,8806433065928,프리페민정(아그누스카스투스열매60%에,(주)종근당,"33,000",3,"99,000",
786,8806581017749,플러스과립(인진오령산엑스),(유)한풍제약,461,-4,- ,
787,8806613046815,플레인엑스과립(당귀수산엑스과립),경방신약(주),259,188,"48,692",
788,8806427065514,플로리진연질캡슐,동화약품,717,-6,- ,
789,9520000009,피로회복제 5000원,미등록제조사,"2,497",-10,- ,
790,9520000008,피로회복제 9900원,미등록제조사,"3,462",21,"72,702",
791,8806476035018,피엠외용액,경남제약(주),"5,000",2,"10,000",
792,0102000000000010,하드캅정 소형견용 (5.7~11kg),미등록제조사,"5,000",2,"10,000",
793,8806616054015,하디큐콜드연질캡슐,(주)알피바이오,850,-7,- ,
794,8806428031419,하벤허브에프캡슐,고려제약(주),"1,500",2,"3,000",
795,8806448030911,하이로손크림,태극제약(주),"1,300",9,"11,700",
796,8800048010250,하이맘번 잘라쓰는타입,미등록제조사,"5,999",20,"119,980",
797,8806057915029,하이맘번 표준형 (3매),중외제약,"3,799",10,"37,990",
798,8806717018619,하이트리크림,한국콜마(주),"1,720",4,"6,880",
799,0102000000000016,하트 웜 솔루션 M,미등록제조사,"19,500",1,"19,500",
800,50604401315,하트가드 12~22kg,미등록제조사,"34,500",4,"138,000",
801,350604401414,하트가드 브라운 23~45kg,미등록제조사,"39,000",1,"39,000",
802,50604401216,하트가드~11kg,미등록제조사,"20,500",3,"61,500",
803,0102000000000031,하트갑정 중형견용 (12~22kg),미등록제조사,"10,000",2,"20,000",
804,0102000000000034,하트갑츄어블 초소형견용,미등록제조사,"8,600",1,"8,600",
805,8809629300070,하트세이버 츄어블 (~11kg),미등록제조사,"10,909",11,"119,999",
806,0102000000000124,하트세이버 츄어블(12~22kg),미등록제조사,"18,000",1,"18,000",
807,8801201008058,하트세이버 츄어블(5.6kg이하),중앙바이오텍,"10,000",8,"80,000",
808,8801201032475,하트세이버미니정~5.6KG,미등록제조사,"3,800",1,"3,800",
809,8809629300124,하트세이버정 ~11kg,미등록제조사,"4,500",1,"4,500",
810,8801201032478,하트세이버정L 23~45KG,홍익메디케어,"10,000",2,"20,000",
811,9520000003,하트세이버정M 12-22kg,미등록제조사,"7,000",4,"28,000",
812,8809625390525,하트캅정 ~11kg,(주)삼우메디안,"5,000",2,"10,000",
813,0102000000000012,하트캅정 ~5.6kg,미등록제조사,"4,500",2,"9,000",
814,8809625390563,하트캅츄어블 ~11kg,(주)삼우메디안,"9,090",5,"45,450",
815,8809625390556,하트캅츄어블 ~5.6kg,(주)삼우메디안,"7,818",4,"31,272",
816,8806435034526,하티손로션1%,한미약품(주),"2,628",-3,- ,
817,8806435081223,한미 치쏙크림,한미,"5,500",5,"27,500",
818,8809232573656,한일멸균거즈(대) 1통,위생,"7,000",1,"7,000",
819,8809232573557,한일멸균거즈(대) 5장,한일양행,350,3,"1,050",
820,8809232573212,한일멸균거즈(소) 1통,한일양행(주),"3,700",1,"3,700",
821,8809232573533,한일멸균거즈(소) 5장,한일양행(주),205,4,820,
822,8809232573229,한일멸균거즈(중) 1통,한일약품,"4,900",1,"4,900",
823,8809232573540,한일멸균거즈(중) 5장,한일양행(주),270,17,"4,590",
824,8806581034517,한풍자운고,(유)한풍제약,"6,380",9,"57,420",
825,8806581038461,한풍패독산,한풍제약,341,120,"40,920",
826,8809376201811,할타바스프레이,미등록제조사,"8,800",2,"17,600",
827,8809408861266,해피타임얼리,동아제약,"1,639",59,"96,701",
828,8806006307226,해피홈 리퀴드리필(45일),(주)유한양행,"3,190",1,"3,190",
829,8806006308223,해피홈 파워매트 New 훈증기,유한양행,"5,800",1,"5,800",
830,8806006307011,해피홈 파워매트(30매),유한양행,"1,850",1,"1,850",
831,8806006307035,해피홈 파워매트(60매),(주)유한양행,"4,700",2,"9,400",
832,8806613020341,향성파적환,경방신약주식회사,"1,221",37,"45,177",
833,8806052006425,허브초크엑스 3EA,미등록제조사,"3,960",7,"27,720",
834,8806052002717,허브쵸크20ml,미등록제조사,"1,320",-2,- ,
835,8806581041454,헤도린과립(황련해독탕),(유)한풍제약,256,120,"30,720",
836,8806574015318,헤리엔톡크림,한미,"2,277",28,"63,756",
837,8806456021819,헤모렉스크림(염산프라목신),대화제약(주),"2,833",1,"2,833",
838,2880641702661,헤모콤 30병,미등록제조사,"30,000",2,"60,000",
839,8806417026614,헤모콤10병,일양약품(주),"10,000",2,"20,000",
840,8806417026617,헤모콤액,일양약품(주),"1,000",12,"12,000",
841,8806422042916,헥사메딘액 0.12% 100ml,부광약품(주),910,6,"5,460",
842,8806422042923,헥사메딘액 0.12% 250ml,부광약품(주),"1,200",1,"1,200",
843,8806422045443,헥사메딘액0.12% 200ml,부광약품,"1,365",1,"1,365",
844,8809528370662,헬로키티 냉각시트N,미등록제조사,"3,000",-1,- ,
845,8807001109075,혈당건강 바나바 혈당케어60정,아워팜,"11,000",3,"33,000",
846,8806453030715,호르반내복액,한림제약(주),"2,750",5,"13,750",
847,7880645303071,호르반액 10병,미등록제조사,"27,500",2,"55,000",
848,7622201750848,호올스 멘토립터스,미등록제조사,480,7,"3,360",
849,7622201750770,호올스(홀스-허니레몬)27g,미등록제조사,480,8,"3,840",
850,8809115168917,화이 숯칫솔 은나노(여성용),미등록제조사,"1,200",5,"6,000",
851,8806939036811,화이투벤씨플러스캅셀 10C 셀트리온(신,미등록제조사,"1,410",5,"7,050",
852,8806016280212,후디케어(밴드형),동화,"3,850",15,"57,750",
853,8806427039522,후시딘겔15g(초록),동화약품,"6,336",50,"316,800",
854,8806427039720,후시딘연고10g대,동화약품(주),"5,880",25,"147,000",
855,8806427039713,후시딘연고5g 소,동화약품(주),"4,220",27,"113,940",
856,8806436008328,후시메드연고,(주)녹십자,"1,404",59,"82,836",
857,8806613035017,후이노엑스과립,경방신약(주),242,72,"17,424",
858,8806534012654,훼라민큐90정,동국제약,"22,000",-2,- ,
859,8806534012661,훼라민큐정,동국제약(주),"44,000",3,"132,000",
860,9520000046,훼로바유30정,미등록제조사,"2,790",-3,- ,
861,1880642902644,훼리탑에프 120캡슐,미등록제조사,"29,999",1,"29,999",
862,8806521017211,훼스탈플러스 10정,(주)한독,- ,-2,- ,
